# test name, category, real vulnerability, cwe, Benchmark version: 0.1, 2025-11-5
BenchmarkTest00001,pathtraver,true,22
BenchmarkTest00002,pathtraver,true,22
BenchmarkTest00003,pathtraver,true,22
BenchmarkTest00004,pathtraver,false,22
BenchmarkTest00005,pathtraver,false,22
BenchmarkTest00006,pathtraver,false,22
BenchmarkTest00007,pathtraver,false,22
BenchmarkTest00008,pathtraver,true,22
BenchmarkTest00009,pathtraver,false,22
BenchmarkTest00010,pathtraver,false,22
BenchmarkTest00011,sqli,false,89
BenchmarkTest00012,sqli,false,89
BenchmarkTest00013,xpathi,false,643
BenchmarkTest00014,xpathi,false,643
BenchmarkTest00015,xpathi,false,643
BenchmarkTest00016,xpathi,false,643
BenchmarkTest00017,xxe,false,611
BenchmarkTest00018,xpathi,true,643
BenchmarkTest00019,xpathi,true,643
BenchmarkTest00020,xpathi,false,643
BenchmarkTest00021,xpathi,false,643
BenchmarkTest00022,xpathi,false,643
BenchmarkTest00023,xpathi,false,643
BenchmarkTest00024,xpathi,false,643
BenchmarkTest00025,weakrand,true,330
BenchmarkTest00026,weakrand,true,330
BenchmarkTest00027,weakrand,true,330
BenchmarkTest00028,weakrand,true,330
BenchmarkTest00029,weakrand,true,330
BenchmarkTest00030,weakrand,true,330
BenchmarkTest00031,weakrand,true,330
BenchmarkTest00032,weakrand,false,330
BenchmarkTest00033,weakrand,false,330
BenchmarkTest00034,weakrand,false,330
BenchmarkTest00035,weakrand,false,330
BenchmarkTest00036,weakrand,false,330
BenchmarkTest00037,weakrand,false,330
BenchmarkTest00038,weakrand,false,330
BenchmarkTest00039,weakrand,false,330
BenchmarkTest00040,weakrand,false,330
BenchmarkTest00041,weakrand,false,330
BenchmarkTest00042,weakrand,false,330
BenchmarkTest00043,weakrand,false,330
BenchmarkTest00044,weakrand,false,330
BenchmarkTest00045,weakrand,false,330
BenchmarkTest00046,weakrand,false,330
BenchmarkTest00047,weakrand,false,330
BenchmarkTest00048,weakrand,false,330
BenchmarkTest00049,weakrand,false,330
BenchmarkTest00050,weakrand,false,330
BenchmarkTest00051,weakrand,false,330
BenchmarkTest00052,weakrand,false,330
BenchmarkTest00053,weakrand,false,330
BenchmarkTest00054,hash,true,328
BenchmarkTest00055,hash,false,328
BenchmarkTest00056,hash,false,328
BenchmarkTest00057,hash,true,328
BenchmarkTest00058,hash,true,328
BenchmarkTest00059,hash,true,328
BenchmarkTest00060,hash,true,328
BenchmarkTest00061,hash,false,328
BenchmarkTest00062,hash,false,328
BenchmarkTest00063,hash,false,328
BenchmarkTest00064,securecookie,true,614
BenchmarkTest00065,securecookie,true,614
BenchmarkTest00066,securecookie,true,614
BenchmarkTest00067,redirect,true,601
BenchmarkTest00068,redirect,true,601
BenchmarkTest00069,redirect,true,601
BenchmarkTest00070,redirect,false,601
BenchmarkTest00071,trustbound,true,501
BenchmarkTest00072,trustbound,true,501
BenchmarkTest00073,codeinj,false,94
BenchmarkTest00074,codeinj,false,94
BenchmarkTest00075,codeinj,false,94
BenchmarkTest00076,codeinj,false,94
BenchmarkTest00077,codeinj,false,94
BenchmarkTest00078,deserialization,false,502
BenchmarkTest00079,deserialization,false,502
BenchmarkTest00080,deserialization,true,502
BenchmarkTest00081,deserialization,false,502
BenchmarkTest00082,deserialization,false,502
BenchmarkTest00083,deserialization,false,502
BenchmarkTest00084,xss,true,79
BenchmarkTest00085,pathtraver,false,22
BenchmarkTest00086,pathtraver,true,22
BenchmarkTest00087,pathtraver,false,22
BenchmarkTest00088,pathtraver,false,22
BenchmarkTest00089,pathtraver,true,22
BenchmarkTest00090,pathtraver,true,22
BenchmarkTest00091,pathtraver,false,22
BenchmarkTest00092,pathtraver,false,22
BenchmarkTest00093,pathtraver,false,22
BenchmarkTest00094,pathtraver,false,22
BenchmarkTest00095,pathtraver,true,22
BenchmarkTest00096,xss,true,79
BenchmarkTest00097,xss,true,79
BenchmarkTest00098,xss,false,79
BenchmarkTest00099,xss,false,79
BenchmarkTest00100,sqli,false,89
BenchmarkTest00101,sqli,false,89
BenchmarkTest00102,xpathi,false,643
BenchmarkTest00103,xpathi,false,643
BenchmarkTest00104,xpathi,false,643
BenchmarkTest00105,xpathi,true,643
BenchmarkTest00106,xpathi,true,643
BenchmarkTest00107,xpathi,true,643
BenchmarkTest00108,xpathi,false,643
BenchmarkTest00109,xpathi,false,643
BenchmarkTest00110,xpathi,false,643
BenchmarkTest00111,xpathi,false,643
BenchmarkTest00112,xpathi,false,643
BenchmarkTest00113,xpathi,true,643
BenchmarkTest00114,xpathi,true,643
BenchmarkTest00115,weakrand,true,330
BenchmarkTest00116,weakrand,true,330
BenchmarkTest00117,weakrand,true,330
BenchmarkTest00118,weakrand,true,330
BenchmarkTest00119,weakrand,false,330
BenchmarkTest00120,weakrand,false,330
BenchmarkTest00121,weakrand,false,330
BenchmarkTest00122,weakrand,false,330
BenchmarkTest00123,weakrand,false,330
BenchmarkTest00124,weakrand,false,330
BenchmarkTest00125,weakrand,false,330
BenchmarkTest00126,weakrand,false,330
BenchmarkTest00127,weakrand,false,330
BenchmarkTest00128,weakrand,false,330
BenchmarkTest00129,weakrand,false,330
BenchmarkTest00130,weakrand,false,330
BenchmarkTest00131,weakrand,false,330
BenchmarkTest00132,weakrand,false,330
BenchmarkTest00133,weakrand,false,330
BenchmarkTest00134,weakrand,false,330
BenchmarkTest00135,weakrand,false,330
BenchmarkTest00136,weakrand,false,330
BenchmarkTest00137,weakrand,false,330
BenchmarkTest00138,weakrand,false,330
BenchmarkTest00139,weakrand,false,330
BenchmarkTest00140,hash,false,328
BenchmarkTest00141,hash,false,328
BenchmarkTest00142,hash,true,328
BenchmarkTest00143,hash,true,328
BenchmarkTest00144,hash,true,328
BenchmarkTest00145,hash,false,328
BenchmarkTest00146,hash,false,328
BenchmarkTest00147,hash,false,328
BenchmarkTest00148,hash,false,328
BenchmarkTest00149,hash,false,328
BenchmarkTest00150,xss,false,79
BenchmarkTest00151,redirect,true,601
BenchmarkTest00152,redirect,false,601
BenchmarkTest00153,redirect,false,601
BenchmarkTest00154,redirect,false,601
BenchmarkTest00155,trustbound,true,501
BenchmarkTest00156,trustbound,true,501
BenchmarkTest00157,trustbound,true,501
BenchmarkTest00158,codeinj,true,94
BenchmarkTest00159,codeinj,true,94
BenchmarkTest00160,codeinj,false,94
BenchmarkTest00161,codeinj,false,94
BenchmarkTest00162,codeinj,true,94
BenchmarkTest00163,codeinj,true,94
BenchmarkTest00164,ldapi,true,90
BenchmarkTest00165,deserialization,false,502
BenchmarkTest00166,deserialization,true,502
BenchmarkTest00167,deserialization,false,502
BenchmarkTest00168,cmdi,true,78
BenchmarkTest00169,deserialization,false,502
BenchmarkTest00170,deserialization,false,502
BenchmarkTest00171,xss,true,79
BenchmarkTest00172,xss,false,79
BenchmarkTest00173,pathtraver,false,22
BenchmarkTest00174,pathtraver,true,22
BenchmarkTest00175,pathtraver,false,22
BenchmarkTest00176,pathtraver,false,22
BenchmarkTest00177,pathtraver,false,22
BenchmarkTest00178,pathtraver,false,22
BenchmarkTest00179,pathtraver,false,22
BenchmarkTest00180,pathtraver,false,22
BenchmarkTest00181,pathtraver,true,22
BenchmarkTest00182,pathtraver,false,22
BenchmarkTest00183,pathtraver,true,22
BenchmarkTest00184,pathtraver,true,22
BenchmarkTest00185,pathtraver,true,22
BenchmarkTest00186,pathtraver,true,22
BenchmarkTest00187,pathtraver,true,22
BenchmarkTest00188,xss,true,79
BenchmarkTest00189,xss,true,79
BenchmarkTest00190,xss,false,79
BenchmarkTest00191,xss,true,79
BenchmarkTest00192,sqli,true,89
BenchmarkTest00193,sqli,true,89
BenchmarkTest00194,sqli,true,89
BenchmarkTest00195,sqli,false,89
BenchmarkTest00196,sqli,false,89
BenchmarkTest00197,sqli,false,89
BenchmarkTest00198,sqli,false,89
BenchmarkTest00199,sqli,false,89
BenchmarkTest00200,sqli,false,89
BenchmarkTest00201,xpathi,true,643
BenchmarkTest00202,xpathi,true,643
BenchmarkTest00203,xpathi,false,643
BenchmarkTest00204,xpathi,false,643
BenchmarkTest00205,xpathi,false,643
BenchmarkTest00206,xpathi,false,643
BenchmarkTest00207,xxe,true,611
BenchmarkTest00208,xxe,false,611
BenchmarkTest00209,xpathi,true,643
BenchmarkTest00210,xpathi,true,643
BenchmarkTest00211,xpathi,false,643
BenchmarkTest00212,xpathi,true,643
BenchmarkTest00213,xpathi,false,643
BenchmarkTest00214,xpathi,true,643
BenchmarkTest00215,xpathi,false,643
BenchmarkTest00216,xpathi,false,643
BenchmarkTest00217,xpathi,false,643
BenchmarkTest00218,weakrand,true,330
BenchmarkTest00219,weakrand,true,330
BenchmarkTest00220,weakrand,true,330
BenchmarkTest00221,weakrand,true,330
BenchmarkTest00222,weakrand,true,330
BenchmarkTest00223,weakrand,true,330
BenchmarkTest00224,weakrand,true,330
BenchmarkTest00225,weakrand,true,330
BenchmarkTest00226,weakrand,true,330
BenchmarkTest00227,weakrand,true,330
BenchmarkTest00228,weakrand,true,330
BenchmarkTest00229,weakrand,true,330
BenchmarkTest00230,weakrand,true,330
BenchmarkTest00231,weakrand,false,330
BenchmarkTest00232,weakrand,false,330
BenchmarkTest00233,weakrand,false,330
BenchmarkTest00234,weakrand,false,330
BenchmarkTest00235,weakrand,false,330
BenchmarkTest00236,weakrand,false,330
BenchmarkTest00237,weakrand,false,330
BenchmarkTest00238,weakrand,false,330
BenchmarkTest00239,weakrand,false,330
BenchmarkTest00240,weakrand,false,330
BenchmarkTest00241,weakrand,false,330
BenchmarkTest00242,weakrand,false,330
BenchmarkTest00243,weakrand,false,330
BenchmarkTest00244,weakrand,false,330
BenchmarkTest00245,hash,true,328
BenchmarkTest00246,hash,true,328
BenchmarkTest00247,hash,false,328
BenchmarkTest00248,hash,false,328
BenchmarkTest00249,hash,false,328
BenchmarkTest00250,hash,true,328
BenchmarkTest00251,hash,true,328
BenchmarkTest00252,hash,true,328
BenchmarkTest00253,hash,false,328
BenchmarkTest00254,hash,false,328
BenchmarkTest00255,hash,false,328
BenchmarkTest00256,hash,false,328
BenchmarkTest00257,hash,false,328
BenchmarkTest00258,securecookie,true,614
BenchmarkTest00259,securecookie,false,614
BenchmarkTest00260,redirect,false,601
BenchmarkTest00261,redirect,false,601
BenchmarkTest00262,redirect,false,601
BenchmarkTest00263,trustbound,true,501
BenchmarkTest00264,codeinj,true,94
BenchmarkTest00265,codeinj,false,94
BenchmarkTest00266,codeinj,false,94
BenchmarkTest00267,ldapi,false,90
BenchmarkTest00268,ldapi,true,90
BenchmarkTest00269,cmdi,false,78
BenchmarkTest00270,cmdi,true,78
BenchmarkTest00271,cmdi,true,78
BenchmarkTest00272,deserialization,false,502
BenchmarkTest00273,xss,true,79
BenchmarkTest00274,pathtraver,true,22
BenchmarkTest00275,pathtraver,false,22
BenchmarkTest00276,pathtraver,false,22
BenchmarkTest00277,pathtraver,false,22
BenchmarkTest00278,pathtraver,true,22
BenchmarkTest00279,xss,true,79
BenchmarkTest00280,xss,true,79
BenchmarkTest00281,xss,true,79
BenchmarkTest00282,xss,false,79
BenchmarkTest00283,xss,false,79
BenchmarkTest00284,xss,false,79
BenchmarkTest00285,xss,true,79
BenchmarkTest00286,xss,true,79
BenchmarkTest00287,xss,false,79
BenchmarkTest00288,sqli,true,89
BenchmarkTest00289,sqli,true,89
BenchmarkTest00290,sqli,false,89
BenchmarkTest00291,xpathi,false,643
BenchmarkTest00292,xpathi,false,643
BenchmarkTest00293,xpathi,false,643
BenchmarkTest00294,xpathi,false,643
BenchmarkTest00295,xpathi,true,643
BenchmarkTest00296,xpathi,false,643
BenchmarkTest00297,xpathi,true,643
BenchmarkTest00298,xpathi,true,643
BenchmarkTest00299,xpathi,false,643
BenchmarkTest00300,xpathi,true,643
BenchmarkTest00301,xpathi,false,643
BenchmarkTest00302,xpathi,true,643
BenchmarkTest00303,xpathi,false,643
BenchmarkTest00304,xpathi,false,643
BenchmarkTest00305,xpathi,false,643
BenchmarkTest00306,xpathi,true,643
BenchmarkTest00307,xpathi,true,643
BenchmarkTest00308,weakrand,true,330
BenchmarkTest00309,weakrand,true,330
BenchmarkTest00310,weakrand,true,330
BenchmarkTest00311,weakrand,false,330
BenchmarkTest00312,weakrand,false,330
BenchmarkTest00313,weakrand,false,330
BenchmarkTest00314,weakrand,false,330
BenchmarkTest00315,weakrand,false,330
BenchmarkTest00316,weakrand,false,330
BenchmarkTest00317,weakrand,false,330
BenchmarkTest00318,weakrand,false,330
BenchmarkTest00319,weakrand,false,330
BenchmarkTest00320,weakrand,false,330
BenchmarkTest00321,weakrand,false,330
BenchmarkTest00322,weakrand,false,330
BenchmarkTest00323,hash,true,328
BenchmarkTest00324,hash,true,328
BenchmarkTest00325,hash,true,328
BenchmarkTest00326,hash,false,328
BenchmarkTest00327,hash,false,328
BenchmarkTest00328,hash,false,328
BenchmarkTest00329,hash,false,328
BenchmarkTest00330,hash,true,328
BenchmarkTest00331,hash,true,328
BenchmarkTest00332,hash,false,328
BenchmarkTest00333,hash,false,328
BenchmarkTest00334,hash,false,328
BenchmarkTest00335,hash,false,328
BenchmarkTest00336,xss,false,79
BenchmarkTest00337,securecookie,true,614
BenchmarkTest00338,securecookie,false,614
BenchmarkTest00339,redirect,true,601
BenchmarkTest00340,redirect,true,601
BenchmarkTest00341,redirect,false,601
BenchmarkTest00342,redirect,false,601
BenchmarkTest00343,trustbound,false,501
BenchmarkTest00344,trustbound,true,501
BenchmarkTest00345,trustbound,true,501
BenchmarkTest00346,trustbound,false,501
BenchmarkTest00347,trustbound,true,501
BenchmarkTest00348,codeinj,false,94
BenchmarkTest00349,codeinj,false,94
BenchmarkTest00350,ldapi,true,90
BenchmarkTest00351,deserialization,true,502
BenchmarkTest00352,deserialization,false,502
BenchmarkTest00353,xss,false,79
BenchmarkTest00354,xss,true,79
BenchmarkTest00355,pathtraver,true,22
BenchmarkTest00356,pathtraver,true,22
BenchmarkTest00357,pathtraver,false,22
BenchmarkTest00358,pathtraver,true,22
BenchmarkTest00359,pathtraver,false,22
BenchmarkTest00360,pathtraver,true,22
BenchmarkTest00361,pathtraver,true,22
BenchmarkTest00362,pathtraver,false,22
BenchmarkTest00363,pathtraver,false,22
BenchmarkTest00364,pathtraver,true,22
BenchmarkTest00365,xss,true,79
BenchmarkTest00366,xss,false,79
BenchmarkTest00367,xss,false,79
BenchmarkTest00368,xss,true,79
BenchmarkTest00369,xss,false,79
BenchmarkTest00370,xss,true,79
BenchmarkTest00371,sqli,false,89
BenchmarkTest00372,xpathi,false,643
BenchmarkTest00373,xpathi,false,643
BenchmarkTest00374,xxe,false,611
BenchmarkTest00375,xpathi,true,643
BenchmarkTest00376,xpathi,false,643
BenchmarkTest00377,xpathi,true,643
BenchmarkTest00378,xpathi,false,643
BenchmarkTest00379,xpathi,false,643
BenchmarkTest00380,xpathi,false,643
BenchmarkTest00381,xpathi,false,643
BenchmarkTest00382,xpathi,false,643
BenchmarkTest00383,xpathi,false,643
BenchmarkTest00384,xpathi,false,643
BenchmarkTest00385,weakrand,true,330
BenchmarkTest00386,weakrand,true,330
BenchmarkTest00387,weakrand,true,330
BenchmarkTest00388,weakrand,true,330
BenchmarkTest00389,weakrand,true,330
BenchmarkTest00390,weakrand,false,330
BenchmarkTest00391,weakrand,false,330
BenchmarkTest00392,weakrand,false,330
BenchmarkTest00393,weakrand,false,330
BenchmarkTest00394,weakrand,false,330
BenchmarkTest00395,weakrand,false,330
BenchmarkTest00396,weakrand,false,330
BenchmarkTest00397,weakrand,false,330
BenchmarkTest00398,weakrand,false,330
BenchmarkTest00399,weakrand,false,330
BenchmarkTest00400,weakrand,false,330
BenchmarkTest00401,weakrand,false,330
BenchmarkTest00402,weakrand,false,330
BenchmarkTest00403,weakrand,false,330
BenchmarkTest00404,weakrand,false,330
BenchmarkTest00405,weakrand,false,330
BenchmarkTest00406,weakrand,false,330
BenchmarkTest00407,weakrand,false,330
BenchmarkTest00408,weakrand,false,330
BenchmarkTest00409,weakrand,false,330
BenchmarkTest00410,weakrand,false,330
BenchmarkTest00411,weakrand,false,330
BenchmarkTest00412,hash,false,328
BenchmarkTest00413,hash,true,328
BenchmarkTest00414,hash,true,328
BenchmarkTest00415,xss,false,79
BenchmarkTest00416,xss,false,79
BenchmarkTest00417,xss,false,79
BenchmarkTest00418,xss,false,79
BenchmarkTest00419,securecookie,true,614
BenchmarkTest00420,securecookie,true,614
BenchmarkTest00421,securecookie,false,614
BenchmarkTest00422,redirect,false,601
BenchmarkTest00423,trustbound,false,501
BenchmarkTest00424,trustbound,true,501
BenchmarkTest00425,trustbound,true,501
BenchmarkTest00426,trustbound,true,501
BenchmarkTest00427,codeinj,false,94
BenchmarkTest00428,codeinj,false,94
BenchmarkTest00429,codeinj,false,94
BenchmarkTest00430,codeinj,false,94
BenchmarkTest00431,ldapi,false,90
BenchmarkTest00432,ldapi,true,90
BenchmarkTest00433,ldapi,true,90
BenchmarkTest00434,cmdi,true,78
BenchmarkTest00435,cmdi,true,78
BenchmarkTest00436,cmdi,true,78
BenchmarkTest00437,cmdi,false,78
BenchmarkTest00438,deserialization,false,502
BenchmarkTest00439,xss,true,79
BenchmarkTest00440,xss,true,79
BenchmarkTest00441,pathtraver,true,22
BenchmarkTest00442,pathtraver,false,22
BenchmarkTest00443,pathtraver,false,22
BenchmarkTest00444,pathtraver,true,22
BenchmarkTest00445,pathtraver,false,22
BenchmarkTest00446,pathtraver,false,22
BenchmarkTest00447,pathtraver,false,22
BenchmarkTest00448,pathtraver,true,22
BenchmarkTest00449,pathtraver,true,22
BenchmarkTest00450,pathtraver,false,22
BenchmarkTest00451,pathtraver,true,22
BenchmarkTest00452,pathtraver,true,22
BenchmarkTest00453,xss,false,79
BenchmarkTest00454,xss,false,79
BenchmarkTest00455,xss,false,79
BenchmarkTest00456,xss,true,79
BenchmarkTest00457,xss,true,79
BenchmarkTest00458,sqli,true,89
BenchmarkTest00459,sqli,false,89
BenchmarkTest00460,sqli,false,89
BenchmarkTest00461,xpathi,false,643
BenchmarkTest00462,xpathi,true,643
BenchmarkTest00463,xpathi,false,643
BenchmarkTest00464,xpathi,false,643
BenchmarkTest00465,xpathi,false,643
BenchmarkTest00466,xpathi,false,643
BenchmarkTest00467,xpathi,true,643
BenchmarkTest00468,xpathi,true,643
BenchmarkTest00469,xpathi,false,643
BenchmarkTest00470,xpathi,false,643
BenchmarkTest00471,xpathi,false,643
BenchmarkTest00472,xpathi,true,643
BenchmarkTest00473,xpathi,false,643
BenchmarkTest00474,xpathi,false,643
BenchmarkTest00475,xpathi,false,643
BenchmarkTest00476,weakrand,true,330
BenchmarkTest00477,weakrand,true,330
BenchmarkTest00478,weakrand,false,330
BenchmarkTest00479,weakrand,false,330
BenchmarkTest00480,weakrand,false,330
BenchmarkTest00481,weakrand,false,330
BenchmarkTest00482,weakrand,false,330
BenchmarkTest00483,weakrand,false,330
BenchmarkTest00484,weakrand,false,330
BenchmarkTest00485,weakrand,false,330
BenchmarkTest00486,weakrand,false,330
BenchmarkTest00487,hash,true,328
BenchmarkTest00488,hash,true,328
BenchmarkTest00489,hash,true,328
BenchmarkTest00490,hash,false,328
BenchmarkTest00491,hash,true,328
BenchmarkTest00492,hash,true,328
BenchmarkTest00493,hash,true,328
BenchmarkTest00494,hash,false,328
BenchmarkTest00495,xss,false,79
BenchmarkTest00496,xss,false,79
BenchmarkTest00497,securecookie,true,614
BenchmarkTest00498,securecookie,false,614
BenchmarkTest00499,securecookie,false,614
BenchmarkTest00500,securecookie,false,614
BenchmarkTest00501,securecookie,false,614
BenchmarkTest00502,redirect,true,601
BenchmarkTest00503,redirect,true,601
BenchmarkTest00504,redirect,false,601
BenchmarkTest00505,trustbound,true,501
BenchmarkTest00506,codeinj,false,94
BenchmarkTest00507,codeinj,false,94
BenchmarkTest00508,codeinj,false,94
BenchmarkTest00509,codeinj,true,94
BenchmarkTest00510,codeinj,true,94
BenchmarkTest00511,codeinj,false,94
BenchmarkTest00512,codeinj,false,94
BenchmarkTest00513,ldapi,true,90
BenchmarkTest00514,deserialization,true,502
BenchmarkTest00515,cmdi,false,78
BenchmarkTest00516,deserialization,true,502
BenchmarkTest00517,deserialization,true,502
BenchmarkTest00518,deserialization,false,502
BenchmarkTest00519,xss,true,79
BenchmarkTest00520,xss,false,79
BenchmarkTest00521,xss,true,79
BenchmarkTest00522,pathtraver,false,22
BenchmarkTest00523,pathtraver,true,22
BenchmarkTest00524,pathtraver,false,22
BenchmarkTest00525,pathtraver,true,22
BenchmarkTest00526,pathtraver,true,22
BenchmarkTest00527,pathtraver,false,22
BenchmarkTest00528,pathtraver,false,22
BenchmarkTest00529,pathtraver,false,22
BenchmarkTest00530,pathtraver,true,22
BenchmarkTest00531,pathtraver,false,22
BenchmarkTest00532,pathtraver,false,22
BenchmarkTest00533,pathtraver,true,22
BenchmarkTest00534,xss,true,79
BenchmarkTest00535,xss,true,79
BenchmarkTest00536,xss,false,79
BenchmarkTest00537,xss,true,79
BenchmarkTest00538,sqli,true,89
BenchmarkTest00539,sqli,true,89
BenchmarkTest00540,sqli,false,89
BenchmarkTest00541,sqli,false,89
BenchmarkTest00542,xpathi,true,643
BenchmarkTest00543,xpathi,false,643
BenchmarkTest00544,xpathi,false,643
BenchmarkTest00545,xpathi,false,643
BenchmarkTest00546,xpathi,false,643
BenchmarkTest00547,xxe,false,611
BenchmarkTest00548,xxe,false,611
BenchmarkTest00549,xpathi,true,643
BenchmarkTest00550,xpathi,false,643
BenchmarkTest00551,xpathi,true,643
BenchmarkTest00552,xpathi,false,643
BenchmarkTest00553,xpathi,false,643
BenchmarkTest00554,xpathi,false,643
BenchmarkTest00555,xpathi,true,643
BenchmarkTest00556,xpathi,true,643
BenchmarkTest00557,xpathi,true,643
BenchmarkTest00558,xpathi,false,643
BenchmarkTest00559,xpathi,false,643
BenchmarkTest00560,xpathi,false,643
BenchmarkTest00561,weakrand,true,330
BenchmarkTest00562,weakrand,true,330
BenchmarkTest00563,weakrand,true,330
BenchmarkTest00564,weakrand,true,330
BenchmarkTest00565,weakrand,true,330
BenchmarkTest00566,weakrand,true,330
BenchmarkTest00567,weakrand,true,330
BenchmarkTest00568,weakrand,true,330
BenchmarkTest00569,weakrand,true,330
BenchmarkTest00570,weakrand,false,330
BenchmarkTest00571,weakrand,false,330
BenchmarkTest00572,weakrand,false,330
BenchmarkTest00573,weakrand,false,330
BenchmarkTest00574,weakrand,false,330
BenchmarkTest00575,weakrand,false,330
BenchmarkTest00576,weakrand,false,330
BenchmarkTest00577,weakrand,false,330
BenchmarkTest00578,weakrand,false,330
BenchmarkTest00579,weakrand,false,330
BenchmarkTest00580,weakrand,false,330
BenchmarkTest00581,weakrand,false,330
BenchmarkTest00582,weakrand,false,330
BenchmarkTest00583,weakrand,false,330
BenchmarkTest00584,weakrand,false,330
BenchmarkTest00585,hash,true,328
BenchmarkTest00586,hash,true,328
BenchmarkTest00587,hash,false,328
BenchmarkTest00588,hash,false,328
BenchmarkTest00589,hash,false,328
BenchmarkTest00590,hash,true,328
BenchmarkTest00591,hash,true,328
BenchmarkTest00592,hash,true,328
BenchmarkTest00593,hash,false,328
BenchmarkTest00594,hash,false,328
BenchmarkTest00595,hash,false,328
BenchmarkTest00596,hash,false,328
BenchmarkTest00597,hash,false,328
BenchmarkTest00598,xss,false,79
BenchmarkTest00599,redirect,true,601
BenchmarkTest00600,redirect,false,601
BenchmarkTest00601,redirect,true,601
BenchmarkTest00602,redirect,false,601
BenchmarkTest00603,trustbound,true,501
BenchmarkTest00604,trustbound,false,501
BenchmarkTest00605,codeinj,false,94
BenchmarkTest00606,codeinj,true,94
BenchmarkTest00607,codeinj,false,94
BenchmarkTest00608,ldapi,true,90
BenchmarkTest00609,ldapi,true,90
BenchmarkTest00610,deserialization,true,502
BenchmarkTest00611,deserialization,true,502
BenchmarkTest00612,deserialization,true,502
BenchmarkTest00613,cmdi,false,78
BenchmarkTest00614,cmdi,true,78
BenchmarkTest00615,cmdi,false,78
BenchmarkTest00616,pathtraver,true,22
BenchmarkTest00617,pathtraver,false,22
BenchmarkTest00618,pathtraver,false,22
BenchmarkTest00619,pathtraver,false,22
BenchmarkTest00620,pathtraver,false,22
BenchmarkTest00621,pathtraver,false,22
BenchmarkTest00622,pathtraver,false,22
BenchmarkTest00623,pathtraver,false,22
BenchmarkTest00624,pathtraver,false,22
BenchmarkTest00625,pathtraver,false,22
BenchmarkTest00626,pathtraver,false,22
BenchmarkTest00627,weakrand,true,330
BenchmarkTest00628,weakrand,true,330
BenchmarkTest00629,weakrand,true,330
BenchmarkTest00630,weakrand,true,330
BenchmarkTest00631,weakrand,true,330
BenchmarkTest00632,weakrand,true,330
BenchmarkTest00633,weakrand,false,330
BenchmarkTest00634,weakrand,false,330
BenchmarkTest00635,weakrand,false,330
BenchmarkTest00636,weakrand,false,330
BenchmarkTest00637,weakrand,false,330
BenchmarkTest00638,weakrand,false,330
BenchmarkTest00639,weakrand,false,330
BenchmarkTest00640,weakrand,false,330
BenchmarkTest00641,weakrand,false,330
BenchmarkTest00642,weakrand,false,330
BenchmarkTest00643,weakrand,false,330
BenchmarkTest00644,weakrand,false,330
BenchmarkTest00645,weakrand,false,330
BenchmarkTest00646,hash,true,328
BenchmarkTest00647,hash,true,328
BenchmarkTest00648,hash,false,328
BenchmarkTest00649,hash,false,328
BenchmarkTest00650,hash,true,328
BenchmarkTest00651,hash,true,328
BenchmarkTest00652,hash,true,328
BenchmarkTest00653,hash,true,328
BenchmarkTest00654,hash,false,328
BenchmarkTest00655,hash,false,328
BenchmarkTest00656,securecookie,true,614
BenchmarkTest00657,securecookie,false,614
BenchmarkTest00658,redirect,true,601
BenchmarkTest00659,redirect,false,601
BenchmarkTest00660,redirect,false,601
BenchmarkTest00661,deserialization,true,502
BenchmarkTest00662,deserialization,true,502
BenchmarkTest00663,deserialization,true,502
BenchmarkTest00664,pathtraver,false,22
BenchmarkTest00665,pathtraver,true,22
BenchmarkTest00666,pathtraver,false,22
BenchmarkTest00667,pathtraver,false,22
BenchmarkTest00668,pathtraver,true,22
BenchmarkTest00669,pathtraver,false,22
BenchmarkTest00670,pathtraver,true,22
BenchmarkTest00671,pathtraver,false,22
BenchmarkTest00672,pathtraver,true,22
BenchmarkTest00673,pathtraver,true,22
BenchmarkTest00674,xss,false,79
BenchmarkTest00675,xss,false,79
BenchmarkTest00676,xss,false,79
BenchmarkTest00677,xss,true,79
BenchmarkTest00678,xss,true,79
BenchmarkTest00679,sqli,true,89
BenchmarkTest00680,sqli,false,89
BenchmarkTest00681,xpathi,false,643
BenchmarkTest00682,xpathi,false,643
BenchmarkTest00683,xpathi,false,643
BenchmarkTest00684,xxe,false,611
BenchmarkTest00685,xxe,false,611
BenchmarkTest00686,xxe,false,611
BenchmarkTest00687,xxe,false,611
BenchmarkTest00688,xpathi,true,643
BenchmarkTest00689,xpathi,false,643
BenchmarkTest00690,xpathi,false,643
BenchmarkTest00691,weakrand,true,330
BenchmarkTest00692,weakrand,true,330
BenchmarkTest00693,weakrand,true,330
BenchmarkTest00694,weakrand,true,330
BenchmarkTest00695,weakrand,true,330
BenchmarkTest00696,weakrand,true,330
BenchmarkTest00697,weakrand,true,330
BenchmarkTest00698,weakrand,true,330
BenchmarkTest00699,weakrand,true,330
BenchmarkTest00700,weakrand,true,330
BenchmarkTest00701,weakrand,false,330
BenchmarkTest00702,weakrand,false,330
BenchmarkTest00703,weakrand,false,330
BenchmarkTest00704,weakrand,false,330
BenchmarkTest00705,weakrand,false,330
BenchmarkTest00706,weakrand,false,330
BenchmarkTest00707,weakrand,false,330
BenchmarkTest00708,weakrand,false,330
BenchmarkTest00709,weakrand,false,330
BenchmarkTest00710,weakrand,false,330
BenchmarkTest00711,weakrand,false,330
BenchmarkTest00712,weakrand,false,330
BenchmarkTest00713,hash,true,328
BenchmarkTest00714,hash,true,328
BenchmarkTest00715,hash,true,328
BenchmarkTest00716,hash,true,328
BenchmarkTest00717,hash,true,328
BenchmarkTest00718,hash,true,328
BenchmarkTest00719,hash,true,328
BenchmarkTest00720,hash,true,328
BenchmarkTest00721,hash,false,328
BenchmarkTest00722,hash,false,328
BenchmarkTest00723,hash,false,328
BenchmarkTest00724,hash,false,328
BenchmarkTest00725,xss,false,79
BenchmarkTest00726,xss,false,79
BenchmarkTest00727,securecookie,true,614
BenchmarkTest00728,securecookie,false,614
BenchmarkTest00729,redirect,true,601
BenchmarkTest00730,redirect,false,601
BenchmarkTest00731,redirect,false,601
BenchmarkTest00732,trustbound,true,501
BenchmarkTest00733,trustbound,true,501
BenchmarkTest00734,trustbound,true,501
BenchmarkTest00735,trustbound,true,501
BenchmarkTest00736,codeinj,false,94
BenchmarkTest00737,deserialization,false,502
BenchmarkTest00738,deserialization,true,502
BenchmarkTest00739,cmdi,false,78
BenchmarkTest00740,cmdi,true,78
BenchmarkTest00741,deserialization,false,502
BenchmarkTest00742,pathtraver,true,22
BenchmarkTest00743,pathtraver,false,22
BenchmarkTest00744,pathtraver,false,22
BenchmarkTest00745,pathtraver,true,22
BenchmarkTest00746,pathtraver,true,22
BenchmarkTest00747,pathtraver,false,22
BenchmarkTest00748,pathtraver,false,22
BenchmarkTest00749,pathtraver,false,22
BenchmarkTest00750,pathtraver,true,22
BenchmarkTest00751,pathtraver,false,22
BenchmarkTest00752,pathtraver,false,22
BenchmarkTest00753,pathtraver,true,22
BenchmarkTest00754,pathtraver,false,22
BenchmarkTest00755,pathtraver,false,22
BenchmarkTest00756,xss,false,79
BenchmarkTest00757,xss,true,79
BenchmarkTest00758,xss,true,79
BenchmarkTest00759,xss,false,79
BenchmarkTest00760,xss,true,79
BenchmarkTest00761,sqli,true,89
BenchmarkTest00762,xpathi,false,643
BenchmarkTest00763,xpathi,false,643
BenchmarkTest00764,xxe,true,611
BenchmarkTest00765,xpathi,false,643
BenchmarkTest00766,xpathi,false,643
BenchmarkTest00767,xpathi,true,643
BenchmarkTest00768,xpathi,true,643
BenchmarkTest00769,xpathi,true,643
BenchmarkTest00770,xpathi,true,643
BenchmarkTest00771,xpathi,true,643
BenchmarkTest00772,xpathi,false,643
BenchmarkTest00773,xpathi,false,643
BenchmarkTest00774,xpathi,false,643
BenchmarkTest00775,xpathi,false,643
BenchmarkTest00776,weakrand,true,330
BenchmarkTest00777,weakrand,true,330
BenchmarkTest00778,weakrand,true,330
BenchmarkTest00779,weakrand,true,330
BenchmarkTest00780,weakrand,true,330
BenchmarkTest00781,weakrand,true,330
BenchmarkTest00782,weakrand,true,330
BenchmarkTest00783,weakrand,true,330
BenchmarkTest00784,weakrand,true,330
BenchmarkTest00785,weakrand,true,330
BenchmarkTest00786,weakrand,false,330
BenchmarkTest00787,weakrand,false,330
BenchmarkTest00788,weakrand,false,330
BenchmarkTest00789,weakrand,false,330
BenchmarkTest00790,weakrand,false,330
BenchmarkTest00791,weakrand,false,330
BenchmarkTest00792,weakrand,false,330
BenchmarkTest00793,weakrand,false,330
BenchmarkTest00794,weakrand,false,330
BenchmarkTest00795,weakrand,false,330
BenchmarkTest00796,weakrand,false,330
BenchmarkTest00797,weakrand,false,330
BenchmarkTest00798,weakrand,false,330
BenchmarkTest00799,weakrand,false,330
BenchmarkTest00800,weakrand,false,330
BenchmarkTest00801,weakrand,false,330
BenchmarkTest00802,weakrand,false,330
BenchmarkTest00803,weakrand,false,330
BenchmarkTest00804,weakrand,false,330
BenchmarkTest00805,weakrand,false,330
BenchmarkTest00806,hash,true,328
BenchmarkTest00807,hash,true,328
BenchmarkTest00808,hash,false,328
BenchmarkTest00809,hash,true,328
BenchmarkTest00810,hash,true,328
BenchmarkTest00811,hash,true,328
BenchmarkTest00812,hash,true,328
BenchmarkTest00813,hash,true,328
BenchmarkTest00814,hash,false,328
BenchmarkTest00815,hash,false,328
BenchmarkTest00816,hash,false,328
BenchmarkTest00817,hash,false,328
BenchmarkTest00818,securecookie,false,614
BenchmarkTest00819,securecookie,false,614
BenchmarkTest00820,securecookie,false,614
BenchmarkTest00821,redirect,true,601
BenchmarkTest00822,redirect,true,601
BenchmarkTest00823,redirect,false,601
BenchmarkTest00824,trustbound,true,501
BenchmarkTest00825,trustbound,true,501
BenchmarkTest00826,trustbound,true,501
BenchmarkTest00827,codeinj,false,94
BenchmarkTest00828,codeinj,false,94
BenchmarkTest00829,ldapi,true,90
BenchmarkTest00830,ldapi,true,90
BenchmarkTest00831,deserialization,true,502
BenchmarkTest00832,deserialization,false,502
BenchmarkTest00833,deserialization,false,502
BenchmarkTest00834,deserialization,false,502
BenchmarkTest00835,xss,false,79
BenchmarkTest00836,pathtraver,false,22
BenchmarkTest00837,pathtraver,false,22
BenchmarkTest00838,pathtraver,false,22
BenchmarkTest00839,pathtraver,true,22
BenchmarkTest00840,pathtraver,false,22
BenchmarkTest00841,pathtraver,true,22
BenchmarkTest00842,pathtraver,false,22
BenchmarkTest00843,pathtraver,false,22
BenchmarkTest00844,xss,false,79
BenchmarkTest00845,xss,true,79
BenchmarkTest00846,xss,true,79
BenchmarkTest00847,xss,true,79
BenchmarkTest00848,xss,true,79
BenchmarkTest00849,xss,true,79
BenchmarkTest00850,xss,false,79
BenchmarkTest00851,xss,true,79
BenchmarkTest00852,sqli,false,89
BenchmarkTest00853,sqli,false,89
BenchmarkTest00854,xpathi,false,643
BenchmarkTest00855,xpathi,false,643
BenchmarkTest00856,xxe,false,611
BenchmarkTest00857,xxe,false,611
BenchmarkTest00858,xxe,false,611
BenchmarkTest00859,xxe,true,611
BenchmarkTest00860,xpathi,true,643
BenchmarkTest00861,xpathi,true,643
BenchmarkTest00862,xpathi,true,643
BenchmarkTest00863,xpathi,true,643
BenchmarkTest00864,weakrand,true,330
BenchmarkTest00865,weakrand,true,330
BenchmarkTest00866,weakrand,true,330
BenchmarkTest00867,weakrand,true,330
BenchmarkTest00868,weakrand,false,330
BenchmarkTest00869,weakrand,false,330
BenchmarkTest00870,weakrand,false,330
BenchmarkTest00871,weakrand,false,330
BenchmarkTest00872,weakrand,false,330
BenchmarkTest00873,weakrand,false,330
BenchmarkTest00874,weakrand,false,330
BenchmarkTest00875,weakrand,false,330
BenchmarkTest00876,weakrand,false,330
BenchmarkTest00877,weakrand,false,330
BenchmarkTest00878,hash,true,328
BenchmarkTest00879,hash,true,328
BenchmarkTest00880,hash,true,328
BenchmarkTest00881,hash,true,328
BenchmarkTest00882,hash,false,328
BenchmarkTest00883,hash,false,328
BenchmarkTest00884,hash,false,328
BenchmarkTest00885,hash,false,328
BenchmarkTest00886,hash,true,328
BenchmarkTest00887,hash,false,328
BenchmarkTest00888,hash,false,328
BenchmarkTest00889,hash,false,328
BenchmarkTest00890,xss,false,79
BenchmarkTest00891,xss,false,79
BenchmarkTest00892,securecookie,true,614
BenchmarkTest00893,securecookie,true,614
BenchmarkTest00894,securecookie,false,614
BenchmarkTest00895,redirect,true,601
BenchmarkTest00896,redirect,false,601
BenchmarkTest00897,redirect,false,601
BenchmarkTest00898,trustbound,true,501
BenchmarkTest00899,trustbound,true,501
BenchmarkTest00900,trustbound,true,501
BenchmarkTest00901,codeinj,false,94
BenchmarkTest00902,codeinj,true,94
BenchmarkTest00903,codeinj,false,94
BenchmarkTest00904,codeinj,true,94
BenchmarkTest00905,codeinj,false,94
BenchmarkTest00906,ldapi,true,90
BenchmarkTest00907,ldapi,false,90
BenchmarkTest00908,deserialization,false,502
BenchmarkTest00909,deserialization,false,502
BenchmarkTest00910,deserialization,false,502
BenchmarkTest00911,cmdi,false,78
BenchmarkTest00912,cmdi,true,78
BenchmarkTest00913,cmdi,true,78
BenchmarkTest00914,cmdi,false,78
BenchmarkTest00915,cmdi,false,78
BenchmarkTest00916,deserialization,true,502
BenchmarkTest00917,deserialization,false,502
BenchmarkTest00918,deserialization,false,502
BenchmarkTest00919,xss,true,79
BenchmarkTest00920,pathtraver,true,22
BenchmarkTest00921,pathtraver,true,22
BenchmarkTest00922,pathtraver,true,22
BenchmarkTest00923,pathtraver,false,22
BenchmarkTest00924,pathtraver,false,22
BenchmarkTest00925,pathtraver,false,22
BenchmarkTest00926,pathtraver,true,22
BenchmarkTest00927,pathtraver,false,22
BenchmarkTest00928,xss,true,79
BenchmarkTest00929,xss,true,79
BenchmarkTest00930,xss,true,79
BenchmarkTest00931,xss,false,79
BenchmarkTest00932,xss,false,79
BenchmarkTest00933,xss,false,79
BenchmarkTest00934,sqli,true,89
BenchmarkTest00935,sqli,false,89
BenchmarkTest00936,sqli,false,89
BenchmarkTest00937,xpathi,true,643
BenchmarkTest00938,xpathi,true,643
BenchmarkTest00939,xpathi,false,643
BenchmarkTest00940,xpathi,false,643
BenchmarkTest00941,xpathi,false,643
BenchmarkTest00942,xpathi,false,643
BenchmarkTest00943,xpathi,false,643
BenchmarkTest00944,xxe,false,611
BenchmarkTest00945,xxe,true,611
BenchmarkTest00946,xxe,false,611
BenchmarkTest00947,xpathi,true,643
BenchmarkTest00948,xpathi,false,643
BenchmarkTest00949,xpathi,true,643
BenchmarkTest00950,xpathi,false,643
BenchmarkTest00951,xpathi,false,643
BenchmarkTest00952,xpathi,true,643
BenchmarkTest00953,xpathi,false,643
BenchmarkTest00954,xpathi,false,643
BenchmarkTest00955,weakrand,true,330
BenchmarkTest00956,weakrand,true,330
BenchmarkTest00957,weakrand,true,330
BenchmarkTest00958,weakrand,true,330
BenchmarkTest00959,weakrand,true,330
BenchmarkTest00960,weakrand,true,330
BenchmarkTest00961,weakrand,true,330
BenchmarkTest00962,weakrand,true,330
BenchmarkTest00963,weakrand,true,330
BenchmarkTest00964,weakrand,true,330
BenchmarkTest00965,weakrand,true,330
BenchmarkTest00966,weakrand,true,330
BenchmarkTest00967,weakrand,false,330
BenchmarkTest00968,weakrand,false,330
BenchmarkTest00969,weakrand,false,330
BenchmarkTest00970,weakrand,false,330
BenchmarkTest00971,weakrand,false,330
BenchmarkTest00972,weakrand,false,330
BenchmarkTest00973,weakrand,false,330
BenchmarkTest00974,weakrand,false,330
BenchmarkTest00975,weakrand,false,330
BenchmarkTest00976,weakrand,false,330
BenchmarkTest00977,weakrand,false,330
BenchmarkTest00978,weakrand,false,330
BenchmarkTest00979,hash,true,328
BenchmarkTest00980,hash,false,328
BenchmarkTest00981,hash,false,328
BenchmarkTest00982,hash,true,328
BenchmarkTest00983,hash,true,328
BenchmarkTest00984,hash,false,328
BenchmarkTest00985,hash,false,328
BenchmarkTest00986,xss,false,79
BenchmarkTest00987,xss,false,79
BenchmarkTest00988,securecookie,false,614
BenchmarkTest00989,securecookie,false,614
BenchmarkTest00990,securecookie,false,614
BenchmarkTest00991,redirect,true,601
BenchmarkTest00992,redirect,false,601
BenchmarkTest00993,redirect,false,601
BenchmarkTest00994,trustbound,false,501
BenchmarkTest00995,codeinj,true,94
BenchmarkTest00996,codeinj,false,94
BenchmarkTest00997,codeinj,false,94
BenchmarkTest00998,codeinj,true,94
BenchmarkTest00999,codeinj,true,94
BenchmarkTest01000,codeinj,true,94
BenchmarkTest01001,codeinj,false,94
BenchmarkTest01002,codeinj,false,94
BenchmarkTest01003,codeinj,false,94
BenchmarkTest01004,codeinj,false,94
BenchmarkTest01005,ldapi,true,90
BenchmarkTest01006,deserialization,false,502
BenchmarkTest01007,deserialization,true,502
BenchmarkTest01008,cmdi,false,78
BenchmarkTest01009,deserialization,false,502
BenchmarkTest01010,deserialization,false,502
BenchmarkTest01011,pathtraver,false,22
BenchmarkTest01012,pathtraver,false,22
BenchmarkTest01013,pathtraver,false,22
BenchmarkTest01014,pathtraver,false,22
BenchmarkTest01015,pathtraver,false,22
BenchmarkTest01016,pathtraver,false,22
BenchmarkTest01017,pathtraver,false,22
BenchmarkTest01018,pathtraver,false,22
BenchmarkTest01019,pathtraver,false,22
BenchmarkTest01020,pathtraver,false,22
BenchmarkTest01021,pathtraver,false,22
BenchmarkTest01022,pathtraver,false,22
BenchmarkTest01023,pathtraver,false,22
BenchmarkTest01024,xss,false,79
BenchmarkTest01025,xss,false,79
BenchmarkTest01026,xss,false,79
BenchmarkTest01027,xss,false,79
BenchmarkTest01028,xss,false,79
BenchmarkTest01029,xss,false,79
BenchmarkTest01030,sqli,false,89
BenchmarkTest01031,sqli,false,89
BenchmarkTest01032,xpathi,false,643
BenchmarkTest01033,xpathi,false,643
BenchmarkTest01034,xpathi,false,643
BenchmarkTest01035,xpathi,false,643
BenchmarkTest01036,xpathi,false,643
BenchmarkTest01037,xpathi,false,643
BenchmarkTest01038,xpathi,false,643
BenchmarkTest01039,xxe,false,611
BenchmarkTest01040,xxe,false,611
BenchmarkTest01041,xxe,false,611
BenchmarkTest01042,xxe,false,611
BenchmarkTest01043,xpathi,false,643
BenchmarkTest01044,xpathi,false,643
BenchmarkTest01045,xpathi,false,643
BenchmarkTest01046,xpathi,false,643
BenchmarkTest01047,xpathi,false,643
BenchmarkTest01048,xpathi,false,643
BenchmarkTest01049,xpathi,false,643
BenchmarkTest01050,xpathi,false,643
BenchmarkTest01051,xpathi,false,643
BenchmarkTest01052,xpathi,false,643
BenchmarkTest01053,weakrand,true,330
BenchmarkTest01054,weakrand,true,330
BenchmarkTest01055,weakrand,true,330
BenchmarkTest01056,weakrand,true,330
BenchmarkTest01057,weakrand,true,330
BenchmarkTest01058,weakrand,true,330
BenchmarkTest01059,weakrand,true,330
BenchmarkTest01060,weakrand,true,330
BenchmarkTest01061,weakrand,true,330
BenchmarkTest01062,weakrand,true,330
BenchmarkTest01063,weakrand,true,330
BenchmarkTest01064,weakrand,true,330
BenchmarkTest01065,weakrand,false,330
BenchmarkTest01066,weakrand,false,330
BenchmarkTest01067,weakrand,false,330
BenchmarkTest01068,weakrand,false,330
BenchmarkTest01069,weakrand,false,330
BenchmarkTest01070,weakrand,false,330
BenchmarkTest01071,weakrand,false,330
BenchmarkTest01072,weakrand,false,330
BenchmarkTest01073,weakrand,false,330
BenchmarkTest01074,weakrand,false,330
BenchmarkTest01075,weakrand,false,330
BenchmarkTest01076,weakrand,false,330
BenchmarkTest01077,weakrand,false,330
BenchmarkTest01078,weakrand,false,330
BenchmarkTest01079,hash,true,328
BenchmarkTest01080,hash,true,328
BenchmarkTest01081,hash,true,328
BenchmarkTest01082,hash,true,328
BenchmarkTest01083,hash,true,328
BenchmarkTest01084,hash,true,328
BenchmarkTest01085,hash,false,328
BenchmarkTest01086,hash,false,328
BenchmarkTest01087,hash,false,328
BenchmarkTest01088,hash,false,328
BenchmarkTest01089,hash,false,328
BenchmarkTest01090,hash,false,328
BenchmarkTest01091,hash,true,328
BenchmarkTest01092,hash,false,328
BenchmarkTest01093,hash,false,328
BenchmarkTest01094,hash,false,328
BenchmarkTest01095,redirect,false,601
BenchmarkTest01096,redirect,false,601
BenchmarkTest01097,trustbound,false,501
BenchmarkTest01098,trustbound,false,501
BenchmarkTest01099,trustbound,false,501
BenchmarkTest01100,codeinj,false,94
BenchmarkTest01101,codeinj,false,94
BenchmarkTest01102,codeinj,false,94
BenchmarkTest01103,codeinj,false,94
BenchmarkTest01104,codeinj,false,94
BenchmarkTest01105,ldapi,false,90
BenchmarkTest01106,deserialization,false,502
BenchmarkTest01107,deserialization,false,502
BenchmarkTest01108,deserialization,false,502
BenchmarkTest01109,deserialization,false,502
BenchmarkTest01110,deserialization,false,502
BenchmarkTest01111,deserialization,false,502
BenchmarkTest01112,deserialization,false,502
BenchmarkTest01113,pathtraver,false,22
BenchmarkTest01114,pathtraver,false,22
BenchmarkTest01115,pathtraver,false,22
BenchmarkTest01116,pathtraver,false,22
BenchmarkTest01117,pathtraver,false,22
BenchmarkTest01118,pathtraver,false,22
BenchmarkTest01119,pathtraver,false,22
BenchmarkTest01120,pathtraver,false,22
BenchmarkTest01121,pathtraver,false,22
BenchmarkTest01122,xss,false,79
BenchmarkTest01123,xss,false,79
BenchmarkTest01124,xss,false,79
BenchmarkTest01125,xpathi,false,643
BenchmarkTest01126,xxe,false,611
BenchmarkTest01127,xxe,false,611
BenchmarkTest01128,xpathi,false,643
BenchmarkTest01129,xpathi,false,643
BenchmarkTest01130,xpathi,false,643
BenchmarkTest01131,xpathi,false,643
BenchmarkTest01132,xpathi,false,643
BenchmarkTest01133,xpathi,false,643
BenchmarkTest01134,xpathi,false,643
BenchmarkTest01135,xpathi,false,643
BenchmarkTest01136,xpathi,false,643
BenchmarkTest01137,weakrand,true,330
BenchmarkTest01138,weakrand,true,330
BenchmarkTest01139,weakrand,true,330
BenchmarkTest01140,weakrand,true,330
BenchmarkTest01141,weakrand,true,330
BenchmarkTest01142,weakrand,false,330
BenchmarkTest01143,weakrand,false,330
BenchmarkTest01144,weakrand,false,330
BenchmarkTest01145,weakrand,false,330
BenchmarkTest01146,weakrand,false,330
BenchmarkTest01147,weakrand,false,330
BenchmarkTest01148,weakrand,false,330
BenchmarkTest01149,weakrand,false,330
BenchmarkTest01150,weakrand,false,330
BenchmarkTest01151,weakrand,false,330
BenchmarkTest01152,weakrand,false,330
BenchmarkTest01153,weakrand,false,330
BenchmarkTest01154,hash,true,328
BenchmarkTest01155,hash,true,328
BenchmarkTest01156,hash,false,328
BenchmarkTest01157,hash,false,328
BenchmarkTest01158,hash,true,328
BenchmarkTest01159,hash,true,328
BenchmarkTest01160,hash,true,328
BenchmarkTest01161,hash,true,328
BenchmarkTest01162,hash,true,328
BenchmarkTest01163,hash,false,328
BenchmarkTest01164,hash,false,328
BenchmarkTest01165,xss,false,79
BenchmarkTest01166,securecookie,true,614
BenchmarkTest01167,securecookie,true,614
BenchmarkTest01168,securecookie,true,614
BenchmarkTest01169,securecookie,false,614
BenchmarkTest01170,securecookie,false,614
BenchmarkTest01171,securecookie,false,614
BenchmarkTest01172,redirect,false,601
BenchmarkTest01173,redirect,false,601
BenchmarkTest01174,codeinj,false,94
BenchmarkTest01175,codeinj,false,94
BenchmarkTest01176,codeinj,false,94
BenchmarkTest01177,codeinj,false,94
BenchmarkTest01178,codeinj,false,94
BenchmarkTest01179,ldapi,false,90
BenchmarkTest01180,ldapi,false,90
BenchmarkTest01181,ldapi,false,90
BenchmarkTest01182,cmdi,false,78
BenchmarkTest01183,deserialization,false,502
BenchmarkTest01184,deserialization,false,502
BenchmarkTest01185,deserialization,false,502
BenchmarkTest01186,deserialization,false,502
BenchmarkTest01187,pathtraver,false,22
BenchmarkTest01188,pathtraver,true,22
BenchmarkTest01189,codeinj,false,94
BenchmarkTest01190,xss,true,79
BenchmarkTest01191,xpathi,false,643
BenchmarkTest01192,weakrand,true,330
BenchmarkTest01193,xpathi,true,643
BenchmarkTest01194,xpathi,false,643
BenchmarkTest01195,weakrand,false,330
BenchmarkTest01196,codeinj,false,94
BenchmarkTest01197,xpathi,false,643
BenchmarkTest01198,pathtraver,true,22
BenchmarkTest01199,xss,true,79
BenchmarkTest01200,weakrand,false,330
BenchmarkTest01201,weakrand,false,330
BenchmarkTest01202,pathtraver,true,22
BenchmarkTest01203,xss,true,79
BenchmarkTest01204,xpathi,true,643
BenchmarkTest01205,weakrand,true,330
BenchmarkTest01206,hash,false,328
BenchmarkTest01207,hash,false,328
BenchmarkTest01208,xss,false,79
BenchmarkTest01209,securecookie,true,614
BenchmarkTest01210,pathtraver,false,22
BenchmarkTest01211,xpathi,true,643
BenchmarkTest01212,xpathi,false,643
BenchmarkTest01213,hash,true,328
BenchmarkTest01214,pathtraver,true,22
BenchmarkTest01215,securecookie,true,614
BenchmarkTest01216,xpathi,false,643
BenchmarkTest01217,hash,true,328
BenchmarkTest01218,securecookie,false,614
BenchmarkTest01219,deserialization,true,502
BenchmarkTest01220,xpathi,true,643
BenchmarkTest01221,xpathi,false,643
BenchmarkTest01222,xpathi,false,643
BenchmarkTest01223,weakrand,false,330
BenchmarkTest01224,weakrand,false,330
BenchmarkTest01225,weakrand,false,330
BenchmarkTest01226,hash,false,328
BenchmarkTest01227,xss,true,79
BenchmarkTest01228,xpathi,true,643
BenchmarkTest01229,weakrand,false,330
BenchmarkTest01230,xpathi,false,643
BenchmarkTest01231,pathtraver,false,22
BenchmarkTest01232,xxe,false,611
BenchmarkTest01233,weakrand,false,330
BenchmarkTest01234,hash,false,328
BenchmarkTest01235,codeinj,false,94
BenchmarkTest01236,ldapi,false,90
BenchmarkTest01237,cmdi,false,78
BenchmarkTest01238,xss,false,79
BenchmarkTest01239,pathtraver,false,22
BenchmarkTest01240,weakrand,false,330
BenchmarkTest01241,trustbound,false,501
BenchmarkTest01242,ldapi,false,90
BenchmarkTest01243,deserialization,false,502
